{"cameraMode":{"drawMode":0,"name":"Shaded","section":"Shading Mode"},"sceneLighting":true,"audioPlay":false,"sceneViewState":{"showFog":true,"showMaterialUpdate":false,"showSkybox":true,"showFlares":true,"showImageEffects":true,"showParticleSystems":true,"showVisualEffectGraphs":true,"m_FxEnabled":true},"in2DMode":false,"pivot":{"x":-84.66976165771485,"y":-0.05531836301088333,"z":23.961315155029298},"rotation":{"x":0.017589226365089418,"y":-0.6361029744148254,"z":0.01451798900961876,"w":0.7712066769599915},"size":58.182830810546878,"orthographic":false}